data/tfidf/Zundert.html , 0.00527569624104
data/tfidf/Flag of Ecuador.html , 0.0079143993903
data/tfidf/Proctor.html , 0.00711046277591
data/tfidf/Amsterdam.html , 0.0109817925286
data/tfidf/Dietary fiber.html , 0.0260309307662
data/tfidf/Philippines.html , 0.0191584251786
data/tfidf/Antoine Lavoisier.html , 0.0325442960123
data/tfidf/Statistics.html , 0.0146774780564
data/tfidf/Cultivar.html , 0.00573420965427
data/tfidf/IUCN Red List of extinct species.html , 0.00261786033624
data/tfidf/Alternate history.html , 0.012369304557
data/tfidf/Monounsaturated fat.html , 0.0109905524678
data/tfidf/Animal.html , 0.0212352048536
data/tfidf/Fernsehturm Berlin.html , 0.00502546765213
data/tfidf/Committee on Space Research.html , 0.00352806358547
data/tfidf/Rhim gazelle.html , 0.000978468870499
data/tfidf/Society.html , 0.0176272404928
data/tfidf/Research center.html , 0.00582235015215
data/tfidf/Lighthouse of Alexandria.html , 0.0102825705115
data/tfidf/Electron configuration.html , 0.0375672925982
data/tfidf/Pinyin.html , 0.00616280596504
data/tfidf/Axial tilt.html , 0.00581639761773
data/tfidf/Muscle tissue.html , 0.0100405460626
data/tfidf/Scottish English.html , 0.00744836767581
data/tfidf/Brassicales.html , 0.0029777915136
data/tfidf/Formal science.html , 0.0144237249224
data/tfidf/Human digestive system.html , 0.0163222747913
data/tfidf/County.html , 0.00459469735228
data/tfidf/List of comics by country.html , 0.00132815538442
data/tfidf/Nelumbo nucifera.html , 0.00641061063411
data/tfidf/Earth science.html , 0.0188777476078
data/tfidf/Mathematics.html , 0.0115011710352
data/tfidf/Malpighiales.html , 0.00640955982971
data/tfidf/De humani corporis fabrica.html , 0.00548120952857
data/tfidf/Hyphy.html , 0.0021100038635
data/tfidf/Chemistry.html , 0.0539487026788
data/tfidf/Orbital state vectors.html , 0.0068197763049
data/tfidf/Basidiomycota.html , 0.00699388058786
data/tfidf/Coat of arms of Jordan.html , 0.00584265159937
data/tfidf/CHARA array.html , 0.00314890284376
data/tfidf/Make Haste Slowly.html , 0.00494010555173
data/tfidf/Athena Parthenos.html , 0.0114963503485
data/tfidf/Ghent Altarpiece.html , 0.0130842144782
data/tfidf/Geographical distribution of German speakers.html , 0.0113310759574
data/tfidf/International Bureau of Weights and Measures.html , 0.00708491148499
data/tfidf/Palace of Versailles.html , 0.00806721165435
data/tfidf/Argent.html , 0.00604075200699
data/tfidf/Southern African Development Community.html , 0.00679589787805
data/tfidf/Semantics.html , 0.00696307314517
data/tfidf/Radius.html , 0.00277279554239
data/tfidf/Valonia ventricosa.html , 0.00901020626791
data/tfidf/Anthropization.html , 0.00606700714256
data/tfidf/European Molecular Biology Laboratory.html , 0.0077183060456
data/tfidf/Internet Assigned Numbers Authority.html , 0.00777125219149
data/tfidf/Modern Greek.html , 0.00585708797417
data/tfidf/Flag of Devon.html , 0.0034475724135
data/tfidf/News broadcasting.html , 0.0066702991284
data/tfidf/Italic languages.html , 0.0046112412539
data/tfidf/Paint.html , 0.0199992852129
data/tfidf/Flag of Jordan.html , 0.00645968583442
data/tfidf/Syed Amir-uddin Kedwaii.html , 0.00290538460957
data/tfidf/Dendrochronology.html , 0.0161900598944
data/tfidf/International non-governmental organization.html , 0.00976668868933
data/tfidf/Commensalism.html , 0.01233162994
data/tfidf/Flag of Suriname.html , 0.00384889041803
data/tfidf/Spallation.html , 0.00937405950811
data/tfidf/New Mexico.html , 0.0109726216821
data/tfidf/Schefflera arboricola.html , 0.00528944072689
data/tfidf/Columnar epithelial cell.html , 0.00374956179395
data/tfidf/Doctor Who.html , 0.00809887201019
data/tfidf/Joseph Justus Scaliger.html , 0.00642604038793
data/tfidf/Fiction.html , 0.00600965407119
data/tfidf/Ethane.html , 0.011806789915
data/tfidf/Oxygen.html , 0.0605744681349
data/tfidf/Administrative units of Pakistan.html , 0.00506241027576
data/tfidf/System.html , 0.0163987648977
data/tfidf/Oleic acid.html , 0.0128514310233
data/tfidf/EMI Records.html , 0.00318711727857
data/tfidf/Australian Aboriginal languages.html , 0.00522568041112
data/tfidf/Tabletop game.html , 0.00368477046663
data/tfidf/Solid mechanics.html , 0.0155944331867
data/tfidf/Hydrogen.html , 0.0513112714972
data/tfidf/Intergovernmental organization.html , 0.0110432559236
data/tfidf/Eternity.html , 0.00610199422943
data/tfidf/Northern America.html , 0.00708547493952
data/tfidf/Limestone.html , 0.017856438417
data/tfidf/Microscope.html , 0.0130194233974
data/tfidf/Shale.html , 0.0202005492152
data/tfidf/Flag of Japan.html , 0.00893214129639
data/tfidf/Mill race.html , 0.00832055126462
data/tfidf/Sound recording and reproduction.html , 0.0164735527887
data/tfidf/Luminosity distance.html , 0.00249061699086
data/tfidf/Dutch Caribbean.html , 0.00374693650475
data/tfidf/Chemical change.html , 0.0430126541463
data/tfidf/Mount Murud.html , 0.00365247162079
data/tfidf/Plant.html , 0.0243991597327
data/tfidf/Biological activity.html , 0.0200152691893
data/tfidf/Continuous spectrum.html , 0.0103121387905
data/tfidf/Cartoon.html , 0.00576679162703
data/tfidf/National Archaeological Museum, Athens.html , 0.021768328072
data/tfidf/Unique identifier.html , 0.0115910736961
data/tfidf/Nobel Prize in Chemistry.html , 0.00748688721617
data/tfidf/Italian language.html , 0.00804787060045
data/tfidf/Picometre.html , 0.00571384853307
data/tfidf/Electron.html , 0.0447875853418
data/tfidf/Apparent magnitude.html , 0.0078147479365
data/tfidf/Standards organization.html , 0.0102163433338
data/tfidf/Standard Chinese.html , 0.00745134068082
data/tfidf/International Astronomical Union.html , 0.00796518310992
data/tfidf/Grain.html , 0.0178104082346
data/tfidf/Four Corners Monument.html , 0.00800723853397
data/tfidf/Easter.html , 0.00654332752957
data/tfidf/British and American keyboards.html , 0.00310009329588
data/tfidf/Emblem of India.html , 0.00402069992817
data/tfidf/Eudicots.html , 0.00452969313089
data/tfidf/Canadian corporate law.html , 0.00907099371522
data/tfidf/Atherosclerosis.html , 0.0223236584815
data/tfidf/Enterobacteriaceae.html , 0.0139010740882
data/tfidf/Mediterranean Lingua Franca.html , 0.00259866957349
data/tfidf/English language.html , 0.0143351229715
data/tfidf/Organ (anatomy).html , 0.0100859755719
data/tfidf/Atmospheric chemistry.html , 0.0271335789625
data/tfidf/Polymer.html , 0.0161534298714
data/tfidf/Moon.html , 0.0130122522715
data/tfidf/Extinct in the wild.html , 0.00533356615296
data/tfidf/APG III system.html , 0.00170957283361
data/tfidf/Monophysitism.html , 0.00342263098603
data/tfidf/Polypore.html , 0.00790394087995
data/tfidf/Slovene Istria.html , 0.00351236307027
data/tfidf/Adipose tissue.html , 0.00962153971135
data/tfidf/Molecular biology.html , 0.0193039896638
data/tfidf/ChEMBL.html , 0.0083331127441
data/tfidf/Joseph Proust.html , 0.116976725556
data/tfidf/Green fluorescent protein.html , 0.0130903404115
data/tfidf/Population.html , 0.0109218468652
data/tfidf/Chemical compound.html , 0.0480314429941
data/tfidf/Ice.html , 0.0146731106962
data/tfidf/Gules.html , 0.00339075781789
data/tfidf/Music genre.html , 0.00832434743814
data/tfidf/Austria.html , 0.00968775846603
data/tfidf/Regulation.html , 0.0111348676449
data/tfidf/Scoria.html , 0.00984907456262
data/tfidf/Chinese guardian lions.html , 0.00657148831534
data/tfidf/Dihydrogen monoxide hoax.html , 0.0165695740602
data/tfidf/Amoebozoa.html , 0.00969132642188
data/tfidf/Measurement.html , 0.0109124682099
data/tfidf/Old Testament.html , 0.00668246608655
data/tfidf/Tax break.html , 0.00313909845082
data/tfidf/Vulnerable species.html , 0.00510567682482
data/tfidf/Brittany.html , 0.00628977317453
data/tfidf/Latin peoples.html , 0.0122950604227
data/tfidf/History of anthropology.html , 0.0154337745548
data/tfidf/Attic Greek.html , 0.00381435169585
data/tfidf/Achaean Doric Greek.html , 0.0023350251506
data/tfidf/Chronology.html , 0.0153385546266
data/tfidf/Classical antiquity.html , 0.0182654507924
data/tfidf/Solid Earth.html , 0.00849025910233
data/tfidf/West Germanic languages.html , 0.00482522734845
data/tfidf/Jmol.html , 0.00647833088391
data/tfidf/Melting point.html , 0.0196446365932
data/tfidf/Centimetre.html , 0.00290186308637
data/tfidf/Basalt.html , 0.0235641838241
data/tfidf/Glossary of vexillology.html , 0.00580421155785
data/tfidf/Absorption spectroscopy.html , 0.0141372093734
data/tfidf/Star Wars.html , 0.00705466147519
data/tfidf/List of ecoregions in India.html , 0.00466766642129
data/tfidf/Miocene.html , 0.00925579499355
data/tfidf/Organic chemistry.html , 0.0425689476353
data/tfidf/Hymenium.html , 0.00383682298939
data/tfidf/Proton.html , 0.0194131693617
data/tfidf/Athena.html , 0.00870471733719
data/tfidf/Physics.html , 0.023497835435
data/tfidf/Okinawan language.html , 0.00620450451929
data/tfidf/Spinal cord.html , 0.0054980256726
data/tfidf/Entamoeba coli.html , 0.00902154409897
data/tfidf/City status in the United Kingdom.html , 0.00939718407155
data/tfidf/Parent rock.html , 0.00947537184866
data/tfidf/Collation.html , 0.00493589921656
data/tfidf/Outer space.html , 0.0250335330153
data/tfidf/Czech Republic.html , 0.00869400358155
data/tfidf/Energy conservation.html , 0.0250716047358
data/tfidf/Serial code.html , 0.00478306283751
data/tfidf/Probability density function.html , 0.00511148896228
data/tfidf/Navy Board.html , 0.00685569561563
data/tfidf/National emblem of France.html , 0.00673534619322
data/tfidf/Eros.html , 0.00462066267495
data/tfidf/Allegory.html , 0.00502640802637
data/tfidf/Filament.html , 0.0157784861413
data/tfidf/Ensign.html , 0.00436062024836
data/tfidf/Nuclear physics.html , 0.0262497562959
data/tfidf/Fluid ounce.html , 0.00342762175558
data/tfidf/Interstellar cloud.html , 0.012800227249
data/tfidf/Orthographic projection in cartography.html , 0.00256539092964
data/tfidf/Latin.html , 0.0118138687653
data/tfidf/Herodian Tetrarchy.html , 0.00353547607611
data/tfidf/Pervez Musharraf.html , 0.00584529991658
data/tfidf/Iron oxide.html , 0.0415757357983
data/tfidf/Sambucus.html , 0.0141287511351
data/tfidf/Nervous tissue.html , 0.0076223177875
data/tfidf/Second language.html , 0.0089674524077
data/tfidf/Celtic languages.html , 0.00712706053911
data/tfidf/Winter.html , 0.0103095253007
data/tfidf/Trametes versicolor.html , 0.004388783101
data/tfidf/Nominalization.html , 0.00344266310754
data/tfidf/Hydnoid fungi.html , 0.00415304042188
data/tfidf/Ryukyuan religion.html , 0.013981956783
data/tfidf/Astronomical system of units.html , 0.0106200136809
data/tfidf/Mushroom.html , 0.0202758004749
data/tfidf/Cornish language.html , 0.00366285736076
data/tfidf/Dutch name.html , 0.00665177554598
data/tfidf/Laterite.html , 0.0283417968613
data/tfidf/Television advertisement.html , 0.00619151120415
data/tfidf/Pinus parviflora.html , 0.00556002914209
data/tfidf/Agaricales.html , 0.0088642274214
data/tfidf/History of Hinduism.html , 0.0139979227054
data/tfidf/Aryl radical.html , 0.010251900059
data/tfidf/Alkyl.html , 0.015051331835
data/tfidf/Biomolecule.html , 0.0217397454708
data/tfidf/Land of Oz.html , 0.00468469359168
data/tfidf/Physical body.html , 0.010515027863
data/tfidf/Novella.html , 0.00508034126897
data/tfidf/Sirius.html , 0.00924175003371
data/tfidf/Light.html , 0.0195167943083
data/tfidf/Quartz.html , 0.0150301081434
data/tfidf/Julian day.html , 0.00735832857366
data/tfidf/Autumn.html , 0.011779888543
data/tfidf/Newton's laws of motion.html , 0.0105028003397
data/tfidf/Brood parasite.html , 0.00417295521359
data/tfidf/Aldus Manutius.html , 0.00605091710991
data/tfidf/Epoch (astronomy).html , 0.00865827080046
data/tfidf/Stratigraphy.html , 0.0099808214763
data/tfidf/Liquid.html , 0.0217858895819
data/tfidf/Dissociation constant.html , 0.0140052523299
data/tfidf/Barium.html , 0.0402829639591
data/tfidf/Anatomy.html , 0.0209677660155
data/tfidf/Pollination.html , 0.00701709525324
data/tfidf/Extrusion.html , 0.0213417285123
data/tfidf/Armenian language.html , 0.00431267412768
data/tfidf/James II of England.html , 0.0113462809088
data/tfidf/Western world.html , 0.0223790036209
data/tfidf/Triassic.html , 0.00891170389826
data/tfidf/Mount John Laurie.html , 0.00750072590061
data/tfidf/Hydnum repandum.html , 0.0107143092879
data/tfidf/Paleozoic.html , 0.0124866380885
data/tfidf/Mariner 10.html , 0.00725996141945
data/tfidf/Proteales.html , 0.00381263451743
data/tfidf/Electromagnetism.html , 0.0217455585678
data/tfidf/The Ocean (band).html , 0.0176871678214
data/tfidf/Petroleum.html , 0.0224246614505
data/tfidf/Southwestern Brittonic languages.html , 0.0021805329435
data/tfidf/Ice calving.html , 0.00654907804524
data/tfidf/Software.html , 0.00596249391351
data/tfidf/Kolkata.html , 0.0109465124402
data/tfidf/Rathgar.html , 0.00573179099362
data/tfidf/Thesis.html , 0.00573669084699
data/tfidf/Aphanite.html , 0.00614606878333
data/tfidf/Zion National Park.html , 0.00899324942885
data/tfidf/Geology of the Moon.html , 0.0117185103584
data/tfidf/Savoy cabbage.html , 0.00542565162958
data/tfidf/Autotroph.html , 0.0326182023129
data/tfidf/Infinitesimal strain theory.html , 0.00365672011055
data/tfidf/Flag of Austria.html , 0.00533447393699
data/tfidf/County Dublin.html , 0.0029874268482
data/tfidf/Neutron.html , 0.0164892012547
data/tfidf/Jurassic.html , 0.00737568078673
data/tfidf/Catalysis.html , 0.0268109168401
data/tfidf/Arizona.html , 0.0434650789202
data/tfidf/Chemical property.html , 0.0237841692371
data/tfidf/Louvre.html , 0.0161207917433
data/tfidf/Histology.html , 0.031538668371
data/tfidf/Theodiscus.html , 0.0051748637797
data/tfidf/Ultimate tensile strength.html , 0.0244404525025
data/tfidf/International organization.html , 0.00735655449825
data/tfidf/Southern Africa.html , 0.0139462582743
data/tfidf/Prose.html , 0.00365508513677
data/tfidf/States and union territories of India.html , 0.00675658552073
data/tfidf/Electrostatics.html , 0.0217377985838
data/tfidf/Dependent territory.html , 0.00670598798726
data/tfidf/Space Shuttle Atlantis.html , 0.0060780109273
data/tfidf/Fat.html , 0.0176151824596
data/tfidf/BirdLife International.html , 0.00411700764766
data/tfidf/Telecommunication.html , 0.0332555780871
data/tfidf/Phylum.html , 0.0102163579002
data/tfidf/Paris.html , 0.0123860427862
data/tfidf/Hard tissue.html , 0.0132116827517
data/tfidf/Ceremonial counties of England.html , 0.00267150358729
data/tfidf/Southern rock.html , 0.00946288751509
data/tfidf/Uranium.html , 0.023830777301
data/tfidf/Sedimentary rock.html , 0.0152344566076
data/tfidf/Aspergillus niger.html , 0.0313168043233
data/tfidf/Slate.html , 0.0149635213826
data/tfidf/Density.html , 0.0178053696332
data/tfidf/Metrology.html , 0.0119900030255
data/tfidf/Tertiary education fees in Australia.html , 0.00504817154968
data/tfidf/Systematic name.html , 0.0113219949427
data/tfidf/Scientific method.html , 0.0200105153768
data/tfidf/Sporophyte.html , 0.00563361591226
data/tfidf/Multiview orthographic projection.html , 0.0057111362107
data/tfidf/Bacterial phyla.html , 0.00712283498481
data/tfidf/Sicily.html , 0.00993390924928
data/tfidf/Anisotropy.html , 0.0207597220849
data/tfidf/Game of chance.html , 0.00535958603581
data/tfidf/Silicon dioxide.html , 0.0491236822209
data/tfidf/Atomic nucleus.html , 0.0205583449344
data/tfidf/Christian monasticism.html , 0.00811637102953
data/tfidf/Berlin.html , 0.0118610338874
data/tfidf/Armenian calendar.html , 0.00311706097723
data/tfidf/Penicillium.html , 0.0092181884216
data/tfidf/Emission spectrum.html , 0.0555495393764
data/tfidf/Soft tissue.html , 0.0143788644134
data/tfidf/Baltic languages.html , 0.00472885651984
data/tfidf/Sectrix of Maclaurin.html , 0.00342675431098
data/tfidf/Babylonia.html , 0.013502076229
data/tfidf/Myoglobin.html , 0.0217592412564
data/tfidf/Virus.html , 0.0129642403269
data/tfidf/Temple.html , 0.0107740882866
data/tfidf/Edible mushroom.html , 0.011308410841
data/tfidf/Gold.html , 0.0909719272504
data/tfidf/Pakistani rupee.html , 0.00614645127018
data/tfidf/Antony John Williams.html , 0.0202897670449
data/tfidf/Anthropology.html , 0.0125852005436
data/tfidf/Past.html , 0.00981485364448
data/tfidf/La Marseillaise.html , 0.00532421734204
data/tfidf/Federated state.html , 0.0040867008985
data/tfidf/Jusepe de Ribera.html , 0.00564561555904
data/tfidf/Relative dating.html , 0.00818707366497
data/tfidf/United Space Alliance.html , 0.00542252103918
data/tfidf/Atomic orbital.html , 0.0247121552134
data/tfidf/Endocrinology.html , 0.0135782142713
data/tfidf/Holocene.html , 0.012397152557
data/tfidf/University of Bologna.html , 0.00976122027085
data/tfidf/Pedogenesis.html , 0.00863484484401
data/tfidf/Acid.html , 0.0240724252501
data/tfidf/Gerridae.html , 0.0102030408056
data/tfidf/Breakfast cereal.html , 0.00852983170642
data/tfidf/Common stock.html , 0.00669042880983
data/tfidf/Naggar.html , 0.000289248022949
data/tfidf/Ultra-prominent peak.html , 0.00172852378275
data/tfidf/Scotland.html , 0.0135438281632
data/tfidf/Amman.html , 0.00774067324062
data/tfidf/Trading card.html , 0.00449006933791
data/tfidf/Algol.html , 0.0090756185211
data/tfidf/Carl Gustav Witt.html , 0.00567328889718
data/tfidf/Insect.html , 0.0168863091444
data/tfidf/Linear A.html , 0.00622335653354
data/tfidf/Triglyceride.html , 0.0167174667674
data/tfidf/Subdwarf.html , 0.0085422470506
data/tfidf/Thiokol.html , 0.0133779739644
data/tfidf/United States national motto.html , 0.00574378600135
data/tfidf/Board game.html , 0.00699648069697
data/tfidf/List of Doctor Who writers.html , 0.00471667028639
data/tfidf/Quantum number.html , 0.00931556058151
data/tfidf/Writer.html , 0.0121484895402
data/tfidf/Elizabeth II.html , 0.0123520727635
data/tfidf/Permian High School.html , 0.00445940066949
data/tfidf/Hydrochloric acid.html , 0.0216268129224
data/tfidf/Miniseries.html , 0.00432073685758
data/tfidf/British people.html , 0.0196600821146
data/tfidf/Main sequence.html , 0.0168813005283
data/tfidf/Claude Joseph Rouget de Lisle.html , 0.0040265382496
data/tfidf/Great Britain.html , 0.0181660800515
data/tfidf/Somatosensory system.html , 0.0133022447286
data/tfidf/Arecaceae.html , 0.00693261447904
data/tfidf/Fundamental interaction.html , 0.0168900240173
data/tfidf/Nephilidae.html , 0.00300402704889
data/tfidf/Parasitism.html , 0.011197673211
data/tfidf/Fact.html , 0.0129900028812
data/tfidf/Heavy metal music.html , 0.0520488957428
data/tfidf/History of the world.html , 0.0386589648422
data/tfidf/Pine.html , 0.012828043065
data/tfidf/Matter.html , 0.0184511976638
data/tfidf/Old Glory.html , 0.0045483976027
data/tfidf/Cryptozoic Entertainment.html , 0.00136634569277
data/tfidf/Scenic design.html , 0.00877160329655
data/tfidf/Australian Soil Classification.html , 0.00322452441637
data/tfidf/Gray whale.html , 0.00670329742368
data/tfidf/Copper.html , 1.0
data/tfidf/Film stock.html , 0.0158847368946
data/tfidf/March equinox.html , 0.00481466727818
data/tfidf/Holocene calendar.html , 0.0660070113449
data/tfidf/Republic of Ireland.html , 0.0137408998144
data/tfidf/Nephila inaurata.html , 0.0043816344952
data/tfidf/Production company.html , 0.011111139021
data/tfidf/Araceae.html , 0.00906474183904
data/tfidf/Identifier.html , 0.00802906856668
data/tfidf/Taxidermy.html , 0.0069910009902
data/tfidf/Oxide.html , 0.0630982944719
data/tfidf/Theorem.html , 0.00476561263215
data/tfidf/Properties of water.html , 0.0521229791904
data/tfidf/Black Death.html , 0.00951234817527
data/tfidf/Hypha.html , 0.00909230938439
data/tfidf/Historical linguistics.html , 0.00692141417801
data/tfidf/Irish Free State.html , 0.0056685293783
data/tfidf/Wikimedia Foundation.html , 0.0159074767937
data/tfidf/Pidgin.html , 0.00481108880699
data/tfidf/Vesicular texture.html , 0.00401623179991
data/tfidf/Nastaʿlīq script.html , 0.00711547155259
data/tfidf/Anatomical terms of location.html , 0.00944899964724
data/tfidf/Computus.html , 0.00586991180896
data/tfidf/Tax avoidance.html , 0.00455979528878
data/tfidf/Regression analysis.html , 0.00619959899121
data/tfidf/Table of nuclides (complete).html , 0.00850497075852
data/tfidf/Biological interaction.html , 0.0125883916573
data/tfidf/Parthenon.html , 0.0106468969779
data/tfidf/Archaeidae.html , 0.0024797595633
data/tfidf/Terrestrial planet.html , 0.0150843173787
data/tfidf/Unsaturated fat.html , 0.0126819599869
data/tfidf/Suriname.html , 0.00991820048752
data/tfidf/Investment.html , 0.00919691820071
data/tfidf/Archaeology.html , 0.0243072921877
data/tfidf/Cuisine.html , 0.00935622027228
data/tfidf/Aquatic ecosystem.html , 0.0202520145566
data/tfidf/Ingestion.html , 0.0114030476038
data/tfidf/Registration authority.html , 0.0100420994757
data/tfidf/Alpha helix.html , 0.0287606600701
data/tfidf/Classical Greece.html , 0.00799824448445
data/tfidf/Educational accreditation.html , 0.00698764138755
data/tfidf/Chemical Abstracts Service.html , 0.012742462854
data/tfidf/Beilstein database.html , 0.0135620112078
data/tfidf/Molecular orbital.html , 0.0144363160169
data/tfidf/Seal of Utah.html , 0.00482831798835
data/tfidf/Microorganism.html , 0.024302378273
data/tfidf/Academic journal.html , 0.0109106784241
data/tfidf/Madras treeshrew.html , 0.00225493268599
data/tfidf/Silicate.html , 0.018324988687
data/tfidf/Red fox.html , 0.00607692265556
data/tfidf/Netherlands.html , 0.0208729373182
data/tfidf/Tropical year.html , 0.00907564423757
data/tfidf/Visible spectrum.html , 0.0179013165034
data/tfidf/Astronomical constant.html , 0.00823769671888
data/tfidf/Toronto.html , 0.0105352266453
data/tfidf/Glossary of comics terminology.html , 0.00457444366627
data/tfidf/Kunstformen der Natur.html , 0.00579868908906
data/tfidf/Earth.html , 0.0389454447854
data/tfidf/Greece.html , 0.0196099410057
data/tfidf/Achaemenid Empire.html , 0.0108000481808
data/tfidf/Heart.html , 0.01495033627
data/tfidf/Navel.html , 0.00943146728693
data/tfidf/Ryukyuan people.html , 0.00902161158484
data/tfidf/Learning society.html , 0.00775506968069
data/tfidf/Delicate Arch.html , 0.00413276604862
data/tfidf/Switzerland.html , 0.0126282846859
data/tfidf/Spectral line.html , 0.0121526127522
data/tfidf/Tendon.html , 0.00860137000581
data/tfidf/Climatic regions of India.html , 0.00825262024695
data/tfidf/Ernst Haeckel.html , 0.0088229562799
data/tfidf/Natural disaster.html , 0.0178009218535
data/tfidf/Skill.html , 0.00516180086282
data/tfidf/Awareness.html , 0.00813768575843
data/tfidf/Germanic peoples.html , 0.0145712191012
data/tfidf/Tofu.html , 0.00538886570563
data/tfidf/Mafic.html , 0.00475735639435
data/tfidf/Cytherean.html , 0.00866237205877
data/tfidf/Fraunhofer lines.html , 0.00936502661866
data/tfidf/Scottish Gaelic.html , 0.00437805766428
data/tfidf/Coat of arms of New Jersey.html , 0.00511585895421
data/tfidf/Nutmeg.html , 0.0080809206791
data/tfidf/Screenplay.html , 0.00714105164095
data/tfidf/Left coronary artery.html , 0.00263668389376
data/tfidf/Inertial frame of reference.html , 0.00531182664611
data/tfidf/RELX Group.html , 0.0102808754756
data/tfidf/De jure.html , 0.00373652182667
data/tfidf/Language.html , 0.0134480335253
data/tfidf/Air Pollution Index.html , 0.0129617898847
data/tfidf/FAO soil classification.html , 0.00183856979361
data/tfidf/Entamoeba.html , 0.0061639281927
data/tfidf/Planets in science fiction.html , 0.0134317426544
data/tfidf/Air pollution.html , 0.0301903823537
data/tfidf/Air quality index.html , 0.0140567102259
data/tfidf/Television program.html , 0.0100170614809
data/tfidf/List of arms of the county councils of England.html , 0.00284296989115
data/tfidf/San Marino.html , 0.00637317547499
data/tfidf/Chemical formula.html , 0.0239165195393
data/tfidf/Body of water.html , 0.0145235822674
data/tfidf/Particle statistics.html , 0.0066786329819
data/tfidf/Circulatory system.html , 0.0141316248646
data/tfidf/Helium.html , 0.0202896182074
data/tfidf/Flag of the United States.html , 0.00948846666102
data/tfidf/Hinduism.html , 0.0142221283791
data/tfidf/Conservation status.html , 0.00776740951064
data/tfidf/Savoy.html , 0.00334842991606
data/tfidf/Atmospheric physics.html , 0.0164837040121
data/tfidf/Sun.html , 0.0239422508885
data/tfidf/E pluribus unum.html , 0.0174206289963
data/tfidf/Judgment as a matter of law.html , 0.00234919190972
data/tfidf/Regional units of Greece.html , 0.00156887767648
data/tfidf/Extratropical cyclone.html , 0.00705788788096
data/tfidf/Renaissance Latin.html , 0.00716381775642
data/tfidf/Wireless.html , 0.00962951955926
data/tfidf/International Union of Soil Sciences.html , 0.0129864504736
data/tfidf/Davos.html , 0.00392498771279
data/tfidf/Hawaiian eruption.html , 0.004005549153
data/tfidf/Doctor of Philosophy.html , 0.0120159532825
data/tfidf/Agaric.html , 0.00302302263884
data/tfidf/Japan.html , 0.0163705999011
data/tfidf/Carboniferous.html , 0.0117579143387
data/tfidf/Germanic languages.html , 0.0113558841045
data/tfidf/Italy.html , 0.0214999258138
data/tfidf/Russula ochroleuca.html , 0.00301742827653
data/tfidf/Metal.html , 0.18627746685
data/tfidf/Human brain.html , 0.0155438507946
data/tfidf/List of nuclides.html , 0.0169502285779
data/tfidf/The arts.html , 0.0182286575332
data/tfidf/Hectare.html , 0.010371369178
data/tfidf/Sport.html , 0.0129842201672
data/tfidf/Company.html , 0.00605191170029
data/tfidf/European Physical Journal.html , 0.0104980606781
data/tfidf/List of environmental issues.html , 0.0176795009811
data/tfidf/Doubled die.html , 0.00572433765975
data/tfidf/History of Earth.html , 0.0355484357988
data/tfidf/Amaryllis belladonna.html , 0.00268200555146
data/tfidf/Storytelling.html , 0.00757984555159
data/tfidf/Swiss Alps.html , 0.00578783786337
data/tfidf/Egypt.html , 0.0231909796467
data/tfidf/Irish language.html , 0.00655666848853
data/tfidf/France.html , 0.0216281610398
data/tfidf/Cloud.html , 0.0135053845899
data/tfidf/Music video.html , 0.00805175476135
data/tfidf/Democratic Republic of the Congo.html , 0.0299015134886
data/tfidf/Capitalization.html , 0.00717147593882
data/tfidf/Scanning tunneling microscope.html , 0.0146084187878
data/tfidf/ab urbe condita.html , 0.00807292270102
data/tfidf/Generative grammar.html , 0.00525929932722
data/tfidf/West Sussex County Council.html , 0.00362784046216
data/tfidf/Constitution of Pakistan of 1962.html , 0.00442913173898
data/tfidf/Liver.html , 0.020964174676
data/tfidf/Yuga.html , 0.00653587428743
data/tfidf/Iran.html , 0.01416148935
data/tfidf/Regolith.html , 0.0110115715901
data/tfidf/Broadcast programming.html , 0.0049398517046
data/tfidf/Solar System.html , 0.0143845137259
data/tfidf/Technology.html , 0.0927219004815
data/tfidf/Organisation internationale de la Francophonie.html , 0.00631671434131
data/tfidf/Virtual world.html , 0.0100266724541
data/tfidf/International Council for Science.html , 0.0158037284924
data/tfidf/Rayleigh mixture distribution.html , 0.00428730868216
data/tfidf/Simple columnar epithelium.html , 0.00333893335661
data/tfidf/Chokwe language.html , 0.00220097493803
data/tfidf/United States Department of Agriculture.html , 0.0112741521261
data/tfidf/Haustorium.html , 0.013428230317
data/tfidf/Molar mass.html , 0.0141075963895
data/tfidf/Emotion.html , 0.00888694657152
data/tfidf/Biotechnology.html , 0.0201157858652
data/tfidf/National University of Ireland.html , 0.00894426653682
data/tfidf/List of most visited art museums in the world.html , 0.00677040983451
data/tfidf/Present.html , 0.00924710989939
data/tfidf/Greater London.html , 0.00943714705466
data/tfidf/Outline of academic disciplines.html , 0.0128147052796
data/tfidf/University of Washington.html , 0.0120925931236
data/tfidf/List of flag names.html , 0.00556724717204
data/tfidf/Lincoln index.html , 0.0047511918335
data/tfidf/Gabbro.html , 0.04640565686
data/tfidf/Submarine.html , 0.00946266230081
data/tfidf/Index of language articles.html , 0.00298665576936
data/tfidf/Chloroplast.html , 0.0138914769707
data/tfidf/Fruit.html , 0.00858544644504
data/tfidf/Glacier.html , 0.00977197848101
data/tfidf/Flesh.html , 0.00496248656214
data/tfidf/Glacier terminus.html , 0.00349780465108
data/tfidf/Scottish Lowlands.html , 0.00649636542593
data/tfidf/Flag of Pakistan.html , 0.00599279978664
data/tfidf/Accreditation.html , 0.00259109250509
data/tfidf/Geneva.html , 0.012278058161
data/tfidf/Life on Mars.html , 0.0201172590119
data/tfidf/IUCN Species Survival Commission.html , 0.00300203333619
data/tfidf/Period (geology).html , 0.00474558150766
data/tfidf/International Union for Conservation of Nature.html , 0.0076880623138
data/tfidf/Coat of arms of the Philippines.html , 0.00640912450012
data/tfidf/Wood.html , 0.0190996185597
data/tfidf/Ranunculales.html , 0.00341741146087
data/tfidf/Elsevier.html , 0.0167360293015
data/tfidf/Romance languages.html , 0.00858580640554
data/tfidf/Metamorphic rock.html , 0.0111035922846
data/tfidf/La Boqueria.html , 0.00592444768427
data/tfidf/Lemnos.html , 0.0153680241652
data/tfidf/Elba.html , 0.00829862504205
data/tfidf/Projectile.html , 0.00683679945183
data/tfidf/Industrial Revolution.html , 0.0378705298139
data/tfidf/Workshop.html , 0.0138325175266
data/tfidf/Dice.html , 0.00453405126752
data/tfidf/Testicle.html , 0.00860260297869
data/tfidf/Lists of countries and territories.html , 0.0118919928915
data/tfidf/Phylogenetic tree.html , 0.00797167179207
data/tfidf/SPQR.html , 0.0108638274459
data/tfidf/List of mayors of Lausanne.html , 0.000690084188577
data/tfidf/Capital Development Authority.html , 0.00567417109574
data/tfidf/Medical Subject Headings.html , 0.00808883890179
data/tfidf/Film producer.html , 0.0116097316286
data/tfidf/Ethnologue.html , 0.0053422834318
data/tfidf/Cities designated by government ordinance of Japan.html , 0.00468693987255
data/tfidf/Internet Standard.html , 0.00416172198142
data/tfidf/Nitric acid.html , 0.0382822044277
data/tfidf/Heat.html , 0.0243794340261
data/tfidf/Greeks.html , 0.0164779424567
data/tfidf/Jammu and Kashmir.html , 0.00516580767793
data/tfidf/Chokwe people.html , 0.00147877123653
data/tfidf/East Timor.html , 0.00912595770879
data/tfidf/Local Bubble.html , 0.00299124940796
data/tfidf/Urdu alphabet.html , 0.00263524034175
data/tfidf/Chordate.html , 0.0095148026145
data/tfidf/Jimmy Wales.html , 0.010573050054
data/tfidf/Periodic table.html , 0.04129186796
data/tfidf/Afghanistan.html , 0.015308887072
data/tfidf/List of fossil sites.html , 0.00821062713373
data/tfidf/Barbarea vulgaris.html , 0.0057419124874
data/tfidf/Aeolian processes.html , 0.013717110951
data/tfidf/Madagascar.html , 0.0177070677217
data/tfidf/Imperial Seal of Japan.html , 0.0031006432309
data/tfidf/Draughts.html , 0.0045748176285
data/tfidf/Dust.html , 0.0119788671874
data/tfidf/Electricity.html , 0.0495240385943
data/tfidf/Linear B.html , 0.0100125807249
data/tfidf/Halifax Town Hall.html , 0.00866239338173
data/tfidf/Genus.html , 0.00662271428481
data/tfidf/Electromagnetic spectrum.html , 0.0222481812647
data/tfidf/Prague.html , 0.00785814271102
data/tfidf/422 Berolina.html , 0.00257976732784
data/tfidf/David Johnston.html , 0.00692957812476
data/tfidf/Zoo.html , 0.00630551801677
data/tfidf/National Cooperative Soil Survey.html , 0.00487051619675
data/tfidf/Gluon.html , 0.0112916829023
data/tfidf/Film.html , 0.010096439171
data/tfidf/Portulacaria afra.html , 0.00861565345798
data/tfidf/Geotechnical engineering.html , 0.0155886219556
data/tfidf/Brassica oleracea.html , 0.00245758983513
data/tfidf/Symmetry.html , 0.0119700521289
data/tfidf/Rill.html , 0.00423004998782
data/tfidf/Environmental studies.html , 0.0145720184947
data/tfidf/Historic counties of England.html , 0.00728251679208
data/tfidf/Cultural identity.html , 0.0111538702269
data/tfidf/South.html , 0.00654319204075
data/tfidf/Kitchen.html , 0.0141980755451
data/tfidf/Munsell color system.html , 0.0125071302749
data/tfidf/Proteobacteria.html , 0.0096531803583
data/tfidf/Weser.html , 0.00353133666199
data/tfidf/Station identification.html , 0.00745376066382
data/tfidf/Grammatical category.html , 0.00527896075887
data/tfidf/Semipermeable membrane.html , 0.0121506324554
data/tfidf/Leaf shape.html , 0.00651027479449
data/tfidf/Oedometer test.html , 0.00949995071817
data/tfidf/Spider.html , 0.00952083829685
data/tfidf/Playing card.html , 0.00528605607837
data/tfidf/Orchidaceae.html , 0.00795943481129
data/tfidf/Cardiovascular disease.html , 0.0169165454852
data/tfidf/George Washington University.html , 0.0111982868803
data/tfidf/Conidium.html , 0.0123997294543
data/tfidf/Trans fat.html , 0.00955850639988
data/tfidf/Apsis.html , 0.00701824905181
data/tfidf/Arachnid.html , 0.0115223634263
data/tfidf/The Rutles Archaeology.html , 0.00340746650544
data/tfidf/Shell corporation.html , 0.00648503344885
data/tfidf/Periodic trends.html , 0.0296703212252
data/tfidf/Kimigayo.html , 0.00648817967767
data/tfidf/Geographical zone.html , 0.00573649837792
data/tfidf/Lichen.html , 0.0122055498583
data/tfidf/Sink.html , 0.0137435818554
data/tfidf/Administrative divisions of France.html , 0.00268625987757
data/tfidf/Hoechst stain.html , 0.00460797266493
data/tfidf/Nitrogen dioxide.html , 0.0427004849048
data/tfidf/Expected value.html , 0.00611903080329
data/tfidf/Daucus carota.html , 0.0104020775325
data/tfidf/Deliberative assembly.html , 0.00671301386672
data/tfidf/Environmental education.html , 0.0129306509569
data/tfidf/Neomura.html , 0.00726237363308
data/tfidf/Australia.html , 0.0163444537481
data/tfidf/Eating.html , 0.0101368830941
data/tfidf/Student loans in the United Kingdom.html , 0.00602888983419
data/tfidf/University of Cambridge.html , 0.0172930127787
data/tfidf/Greater India.html , 0.012105943419
data/tfidf/Brown dwarf.html , 0.0132307223884
data/tfidf/Isle of Wight.html , 0.00983747257636
data/tfidf/Anatomical terms of bone.html , 0.0065437866837
data/tfidf/Ecology.html , 0.0239126290488
data/tfidf/Learned society.html , 0.00909417029913
data/tfidf/Progressive rock.html , 0.0107253767365
data/tfidf/Triumphal arch.html , 0.00623821569187
data/tfidf/Germany.html , 0.0216395059554
data/tfidf/Pumpjack.html , 0.0115099803003
data/tfidf/Timeline.html , 0.00712455745625
data/tfidf/Apiaceae.html , 0.0126427920741
data/tfidf/Electron microscope.html , 0.0243672984933
data/tfidf/Surface weather analysis.html , 0.0120022343921
data/tfidf/Rhine.html , 0.00613776933594
data/tfidf/Brussels sprout.html , 0.00590971632615
data/tfidf/Balkans.html , 0.0153196322733
data/tfidf/Indigenous Australians.html , 0.00765017891933
data/tfidf/Red dwarf.html , 0.0130950174346
data/tfidf/Phenotype.html , 0.00687107273286
data/tfidf/Indoor bonsai.html , 0.00612786720815
data/tfidf/National anthem.html , 0.0038436723598
data/tfidf/Parliament of Pakistan.html , 0.00648705150171
data/tfidf/Osculating orbit.html , 0.00547988008886
data/tfidf/Washington State University.html , 0.0177773344169
data/tfidf/Space observatory.html , 0.00338987798277
data/tfidf/Science.html , 0.026507176449
data/tfidf/Parasitic plant.html , 0.00859033264106
data/tfidf/Administrative regions of Greece.html , 0.00341493790441
data/tfidf/Chlamydia infection.html , 0.0176827209628
data/tfidf/Lion Capital of Ashoka.html , 0.00597352450918
data/tfidf/Screenwriting.html , 0.00697275313659
data/tfidf/Arc welding.html , 0.0404142582899
data/tfidf/Outline of physical science.html , 0.0370155968174
data/tfidf/Shires of Scotland.html , 0.0046969457715
data/tfidf/Natural satellite.html , 0.00968834410149
data/tfidf/Consolidation (soil).html , 0.0152270432974
data/tfidf/Eukaryote.html , 0.0192925689055
data/tfidf/Alliant Techsystems.html , 0.00808695365471
data/tfidf/University of Wah.html , 0.00800610360449
data/tfidf/Particulates.html , 0.0225363625136
data/tfidf/Julius Caesar.html , 0.0131998459848
data/tfidf/Connective tissue.html , 0.00782131166241
data/tfidf/Biological database.html , 0.00781985110131
data/tfidf/Protea cynaroides.html , 0.00434347048675
data/tfidf/Simple linear regression.html , 0.00601823748196
data/tfidf/Cell biology.html , 0.0273315531692
data/tfidf/Pompeii.html , 0.0126021871013
data/tfidf/Metre per second.html , 0.00410113640645
data/tfidf/Amphibole.html , 0.0179908932636
data/tfidf/Paraphyly.html , 0.00636167333191
data/tfidf/Anatolia.html , 0.0092373414474
data/tfidf/Pacatianus.html , 0.00271438855961
data/tfidf/Life.html , 0.0375973248847
data/tfidf/Alberta.html , 0.010740316041
data/tfidf/Multicellular organism.html , 0.0128175949594
data/tfidf/Licensure.html , 0.0120864017576
data/tfidf/Arabic.html , 0.0076850420972
data/tfidf/Manufacturing.html , 0.0164566432194
data/tfidf/Flag of Caithness.html , 0.00345638465866
data/tfidf/Crustose lichen.html , 0.00646451167232
data/tfidf/City Districts of Pakistan.html , 0.00240726090439
data/tfidf/Miasma theory.html , 0.00881436905534
data/tfidf/Stream bed.html , 0.0107990773661
data/tfidf/Methane.html , 0.0198968881974
data/tfidf/PubChem.html , 0.0177991376142
data/tfidf/African Romance.html , 0.00466159754955
data/tfidf/Karakoram.html , 0.00489760489873
data/tfidf/Mount Olympus.html , 0.0102551580096
data/tfidf/Virgin Records.html , 0.00452562207324
data/tfidf/Terminologia Anatomica.html , 0.00356954241917
data/tfidf/List of capitals in the United States.html , 0.00725997162904
data/tfidf/Wah.html , 0.00455329070911
data/tfidf/Praxiteles.html , 0.0156214266796
data/tfidf/Phenocryst.html , 0.0066329511662
data/tfidf/International Commission on Stratigraphy.html , 0.00786417900452
data/tfidf/Homogeneity and heterogeneity.html , 0.0120260474092
data/tfidf/Baseball card.html , 0.00424295629255
data/tfidf/Glycerol.html , 0.013196831731
data/tfidf/Conservation of mass.html , 0.0208973617386
data/tfidf/University.html , 0.0131647057672
data/tfidf/Granularity.html , 0.00923590603581
data/tfidf/Permic languages.html , 0.00252260559087
data/tfidf/International Statistical Classification of Diseases and Related Health Problems.html , 0.016521769217
data/tfidf/APG II system.html , 0.00235454553818
data/tfidf/Cornelis Liefrinck.html , 0.00114172514329
data/tfidf/Weather.html , 0.0175050810591
data/tfidf/Subsidiary.html , 0.0078232521907
data/tfidf/Intrinsic brightness.html , 0.00437560440413
data/tfidf/Learning.html , 0.0103968193432
data/tfidf/Linguistics.html , 0.0109396516965
data/tfidf/Pyroxene.html , 0.0215369002907
data/tfidf/Slogan.html , 0.00523043408843
data/tfidf/Agaricus bisporus.html , 0.00748167098947
data/tfidf/Epistle to the Philippians.html , 0.00843765589705
data/tfidf/Nepenthes lowii.html , 0.00534616039349
data/tfidf/Natural arch.html , 0.00703751506968
data/tfidf/Mediterranean Sea.html , 0.0130261512703
data/tfidf/Outline of anthropology.html , 0.00533376103082
data/tfidf/Fluid.html , 0.00988327992089
data/tfidf/Al Asad Airbase.html , 0.00736096214472
data/tfidf/Hans Rottenhammer.html , 0.0059194772364
data/tfidf/Lorelei.html , 0.00444238722065
data/tfidf/Uttar Pradesh.html , 0.00756115002288
data/tfidf/Asteroid.html , 0.0117327478688
data/tfidf/Jan van Eyck.html , 0.00951445958812
data/tfidf/Cephalonia.html , 0.0145150468562
data/tfidf/Vegetable.html , 0.0201437222307
data/tfidf/List of life sciences.html , 0.0319206002473
data/tfidf/Food and Agriculture Organization.html , 0.0146720087461
data/tfidf/United States.html , 0.0316553982676
data/tfidf/Pteridophyte.html , 0.00588902407736
data/tfidf/Minor planet.html , 0.00999082573102
data/tfidf/Right coronary artery.html , 0.00452036227313
data/tfidf/Comics in education.html , 0.00394934288831
data/tfidf/Nordic Cross flag.html , 0.00468930570669
data/tfidf/Rosales.html , 0.00397050293003
data/tfidf/Cyanobacteria.html , 0.0696753961846
data/tfidf/Static electricity.html , 0.0251663501854
data/tfidf/Art.html , 0.0164530010363
data/tfidf/Charles I of England.html , 0.00767932398287
data/tfidf/Zacharias Janssen.html , 0.00537009094695
data/tfidf/Pithing.html , 0.0143915537152
data/tfidf/Beilstein Registry Number.html , 0.00974021737796
data/tfidf/Higher education.html , 0.0125634380743
data/tfidf/European Journal of Physics.html , 0.011338716127
data/tfidf/Prokaryote.html , 0.0145256677528
data/tfidf/Wiktionary.html , 0.00595737273874
data/tfidf/Chirotherium.html , 0.00715704691456
data/tfidf/New Jersey.html , 0.00910475971402
data/tfidf/Supporter.html , 0.00430009047137
data/tfidf/New York Stock Exchange.html , 0.00686109488241
data/tfidf/Comics studies.html , 0.00428134601385
data/tfidf/Common Era.html , 0.013736141331
data/tfidf/Classical mechanics.html , 0.0127499801261
data/tfidf/Sushi.html , 0.00596069737732
data/tfidf/Treeshrew.html , 0.00288982152033
data/tfidf/British Agricultural Revolution.html , 0.0166967915439
data/tfidf/Shoemaking.html , 0.0105404803945
data/tfidf/Aryl.html , 0.00340363665184
data/tfidf/Academic publishing.html , 0.0182863674666
data/tfidf/Periodic Law.html , 0.0203454361375
data/tfidf/United Nations geoscheme.html , 0.00254409651967
data/tfidf/Language contact.html , 0.00761614017609
data/tfidf/Emergency service.html , 0.00610866824261
data/tfidf/Pledge of Allegiance to the Philippine Flag.html , 0.00153447694482
data/tfidf/List of continents by population.html , 0.00483824487326
data/tfidf/Publishing.html , 0.013129040981
data/tfidf/List of adjectivals and demonyms of astronomical bodies.html , 0.00683705343497
data/tfidf/Lymph.html , 0.00531198944079
data/tfidf/Scree.html , 0.00868100181275
data/tfidf/Bristol Zoo.html , 0.00543660071479
data/tfidf/Timeline of classical mechanics.html , 0.00763880650107
data/tfidf/World human population.html , 0.0191724830499
data/tfidf/Col des Mosses.html , 0.00144225246359
data/tfidf/Araneomorphae.html , 0.00429504760939
data/tfidf/Novel.html , 0.0130221106137
data/tfidf/Cyprus.html , 0.0214715055732
data/tfidf/John Kendrew.html , 0.0172760109056
data/tfidf/Nucleolus.html , 0.00965611732705
data/tfidf/Planar projection.html , 0.00601394811963
data/tfidf/Rawalpindi District.html , 0.00495917777023
data/tfidf/Bracket fungus.html , 0.00875536413581
data/tfidf/Conservation International.html , 0.00759054239769
data/tfidf/Chemical reaction.html , 0.0523450976407
data/tfidf/Shoe.html , 0.0101049769354
data/tfidf/Rule of Saint Benedict.html , 0.00598001005092
data/tfidf/World Reference Base for Soil Resources.html , 0.00716501068309
data/tfidf/Devanagari.html , 0.00785330576232
data/tfidf/Vaud.html , 0.00408508133577
data/tfidf/History of Greece.html , 0.0183963228873
data/tfidf/Pimplinae.html , 0.00372303097689
data/tfidf/AL amyloidosis.html , 0.0080900500043
data/tfidf/Orthographic projection.html , 0.00259176684427
data/tfidf/States of Germany.html , 0.0108945747342
data/tfidf/Fungus.html , 0.0266028688571
data/tfidf/Arnout Elsevier.html , 0.00167890101844
data/tfidf/Anatomical terms of motion.html , 0.0058135920298
data/tfidf/Optical microscope.html , 0.011797617865
data/tfidf/Pelasgians.html , 0.0197563578129
data/tfidf/Lithium.html , 0.0279391192977
data/tfidf/Mars.html , 0.0168274744575
data/tfidf/Western Roman Empire.html , 0.0132213441858
data/tfidf/In God we trust.html , 0.00873100412357
data/tfidf/Orbiter Vehicle Designation.html , 0.00416700479431
data/tfidf/Flag Institute.html , 0.00716057729009
data/tfidf/Christ Pantocrator.html , 0.00357517637683
data/tfidf/Kepler orbit.html , 0.00677283544227
data/tfidf/Language revitalization.html , 0.00690945175197
data/tfidf/Belgium.html , 0.0156397380287
data/tfidf/Natural Bridge Caverns.html , 0.00806498069886
data/tfidf/Endoplasmic reticulum.html , 0.0107637139469
data/tfidf/Threatened species.html , 0.00444755067841
data/tfidf/Viroid.html , 0.00637743244501
data/tfidf/Strombolian eruption.html , 0.00278749387093
data/tfidf/Virgin Formation.html , 0.00240772839036
data/tfidf/Constitution of Pakistan.html , 0.00559819150947
data/tfidf/Shisa.html , 0.00420860163591
data/tfidf/World history.html , 0.0165315946669
data/tfidf/Coat of arms of Suriname.html , 0.00593416039397
data/tfidf/Tuesday.html , 0.00517054574853
data/tfidf/RNA.html , 0.0113209592131
data/tfidf/House of Medici.html , 0.00379177756843
data/tfidf/Bohr model.html , 0.0197030492605
data/tfidf/William Herschel.html , 0.0102518337818
data/tfidf/Republic of Florence.html , 0.00555515673321
data/tfidf/Aril.html , 0.0040530273845
data/tfidf/Rectum.html , 0.00530593321511
data/tfidf/Brain.html , 0.0196309770001
data/tfidf/Flag of the Netherlands.html , 0.00748086301334
data/tfidf/Beetle.html , 0.0100567663671
data/tfidf/Organization.html , 0.0111902622096
data/tfidf/Anecdote.html , 0.00698461733323
data/tfidf/Tree structure.html , 0.00849027665255
data/tfidf/Mycology.html , 0.0148600057382
data/tfidf/Azerbaijan.html , 0.00967472392216
data/tfidf/Rayleigh distribution.html , 0.00751327560953
data/tfidf/Regions of England.html , 0.0126510983416
data/tfidf/Cardiomyopathy.html , 0.00840226664116
data/tfidf/Ideogram.html , 0.0058623345307
data/tfidf/Primate.html , 0.0131189244464
data/tfidf/Normal distribution.html , 0.0124477052489
data/tfidf/House of Waldburg.html , 0.0035449017783
data/tfidf/Jana Gana Mana Video.html , 0.00116040288141
data/tfidf/Lady Justice.html , 0.00835379657829
data/tfidf/Counties of England.html , 0.00336857043019
data/tfidf/Asteridae.html , 0.00246135752823
data/tfidf/Mnium stellare.html , 0.00212178691094
data/tfidf/Voyager 2.html , 0.00468656844783
data/tfidf/Steel.html , 0.039141146289
data/tfidf/Let there be light.html , 0.0043419851463
data/tfidf/John William Strutt, 3rd Baron Rayleigh.html , 0.00735537969935
data/tfidf/Bengali calendar.html , 0.00303812637797
data/tfidf/Global Trade Item Number.html , 0.00577074925801
data/tfidf/Douai.html , 0.0100053194226
data/tfidf/Fantasy world.html , 0.00636672658674
data/tfidf/Surface area.html , 0.00898494161071
data/tfidf/Magnetic field.html , 0.0172493892242
data/tfidf/International Labour Organization.html , 0.00764413334569
data/tfidf/Creole language.html , 0.00406150534547
data/tfidf/Cryogenian.html , 0.00639680986472
data/tfidf/Antoine Laurent de Jussieu.html , 0.00592755186557
data/tfidf/Operation Basalt.html , 0.00416984909644
data/tfidf/Crown group.html , 0.00623922201447
data/tfidf/Television producer.html , 0.00794097681968
data/tfidf/Minority group.html , 0.00899842286522
data/tfidf/Pathogenic Escherichia coli.html , 0.012248318483
data/tfidf/Record label.html , 0.00498907030565
data/tfidf/Wind.html , 0.0159047194425
data/tfidf/Polygonatum.html , 0.00946500558072
data/tfidf/Minoan chronology.html , 0.0317074208884
data/tfidf/CN Tower.html , 0.00983432027881
data/tfidf/Longitude.html , 0.00752526946953
data/tfidf/Chemical energy.html , 0.0315873413899
data/tfidf/Agaricomycetes.html , 0.00753782036353
data/tfidf/Alexandria.html , 0.0122554615267
data/tfidf/Speed of light.html , 0.017421987963
data/tfidf/Bedrock.html , 0.0057312926746
data/tfidf/Old Toronto.html , 0.00619239712511
data/tfidf/Minoan language.html , 0.00166972649837
data/tfidf/Sandro Botticelli.html , 0.00583045883355
data/tfidf/Copyright.html , 0.00527121830654
data/tfidf/Paleoproterozoic.html , 0.010292392525
data/tfidf/Verb.html , 0.00321434219741
data/tfidf/Surface tension.html , 0.0205852611525
data/tfidf/Baltic states.html , 0.00526565635315
data/tfidf/Angiosperm Phylogeny Group.html , 0.00497314299091
data/tfidf/IUCN Red List extinct in the wild species.html , 0.00324671138198
data/tfidf/Land degradation.html , 0.0100601757427
data/tfidf/Non-governmental organization.html , 0.00956534124193
data/tfidf/UNESCO.html , 0.0123848098968
data/tfidf/British English.html , 0.0115852068745
data/tfidf/Ooid.html , 0.0055013684767
data/tfidf/Paleoecology.html , 0.00921907384564
data/tfidf/Amaryllidaceae.html , 0.00600208697068
data/tfidf/Abraham Susenier.html , 0.00191372793129
data/tfidf/Banyan.html , 0.00434269356288
data/tfidf/Atmospheric duct.html , 0.00731014564327
data/tfidf/Foregut.html , 0.00605113403157
data/tfidf/Electrification.html , 0.0447486211894
data/tfidf/United Nations.html , 0.0149304676378
data/tfidf/Woodland.html , 0.00188332681045
data/tfidf/Solanales.html , 0.00268577276174
data/tfidf/Specials (Unicode block).html , 0.00474161733747
data/tfidf/Dactylis glomerata.html , 0.00298563783445
data/tfidf/Ribu.html , 0.00616073101329
data/tfidf/Energy.html , 0.0280324217959
data/tfidf/Classical architecture.html , 0.0206763020094
data/tfidf/Tetum language.html , 0.00381352377202
data/tfidf/Cretaceous.html , 0.0114696944947
data/tfidf/Sludge metal.html , 0.0332704592512
data/tfidf/Species.html , 0.0171513819207
data/tfidf/Tendon sheath.html , 0.00181836936083
data/tfidf/Planet.html , 0.0169615092479
data/tfidf/Geotechnical investigation.html , 0.013567619307
data/tfidf/Education.html , 0.0154113141177
data/tfidf/Adage.html , 0.00511208369742
data/tfidf/Andeer.html , 0.00875786055544
data/tfidf/Lord Lyon King of Arms.html , 0.00277695884984
data/tfidf/Lava.html , 0.00708955929731
data/tfidf/Fossil.html , 0.021226662503
data/tfidf/Igneous rock.html , 0.0135595277049
data/tfidf/Photograph.html , 0.0330405446565
data/tfidf/Max Perutz.html , 0.0113721841062
data/tfidf/Speculative fiction.html , 0.00504388876637
data/tfidf/Physiology.html , 0.0208113521172
data/tfidf/Uniform Resource Locator.html , 0.00980263190061
data/tfidf/Histidine.html , 0.0184261338105
data/tfidf/Rosa majalis.html , 0.00249860312468
data/tfidf/Metre.html , 0.0118811138294
data/tfidf/Mycenaean Greek.html , 0.00630798538064
data/tfidf/Romansh language.html , 0.00474538540394
data/tfidf/Baltic Sea.html , 0.00647736374832
data/tfidf/Oxalis tuberosa.html , 0.00678371612653
data/tfidf/Relief.html , 0.0160686472416
data/tfidf/Coat of arms of the Netherlands.html , 0.00525206190087
data/tfidf/Zinc.html , 0.0809616012321
data/tfidf/Baltoro Glacier.html , 0.00329423142317
data/tfidf/Land cover.html , 0.00642293690033
data/tfidf/Flag of Utah.html , 0.00473575560939
data/tfidf/Canvas.html , 0.00512424651106
data/tfidf/Standard deviation.html , 0.00740252005674
data/tfidf/Crassula ovata.html , 0.0050264142534
data/tfidf/Written language.html , 0.00528182793227
data/tfidf/Genitive case.html , 0.00295993458972
data/tfidf/Storage organ.html , 0.00480882669819
data/tfidf/United States corporate law.html , 0.00805106293019
data/tfidf/Flowering plant.html , 0.0106986200419
data/tfidf/Spanish language.html , 0.00927877446894
data/tfidf/Lake Geneva.html , 0.00761601257716
data/tfidf/Short story.html , 0.00569395307252
data/tfidf/List of municipalities of the Netherlands.html , 0.00653867015502
